residue,NOE_9.4T,NOE_err_9.4T,NOE_11.7T,NOE_err_11.7T,NOE_14.1T,NOE_err_14.1T,NOE_16.4T,NOE_err_16.4T,NOE_18.8T,NOE_err_18.8T
2,0.50,0.01,0.59,0.01,0.64,0.01,0.67,0.01,0.72,0.01
3,0.52,0.01,0.62,0.01,0.70,0.01,0.73,0.01,0.76,0.01
4,0.53,0.01,0.64,0.01,0.69,0.01,0.75,0.01,0.77,0.01
5,0.52,0.01,0.62,0.01,0.70,0.01,0.74,0.01,0.76,0.01
6,0.53,0.01,0.63,0.01,0.70,0.01,0.74,0.01,0.75,0.01
7,0.51,0.01,0.62,0.01,0.71,0.01,0.72,0.01,0.77,0.01
8,0.50,0.01,0.61,0.01,0.70,0.01,0.74,0.01,0.80,0.01
9,0.47,0.01,0.63,0.01,0.67,0.01,0.74,0.01,0.76,0.01
10,0.43,0.00,0.56,0.01,0.64,0.01,0.70,0.01,0.72,0.01
11,0.39,0.01,0.53,0.01,0.61,0.01,0.65,0.01,0.71,0.01
12,0.37,0.01,0.50,0.01,0.59,0.01,0.66,0.01,0.73,0.01
13,0.43,0.01,0.55,0.01,0.63,0.01,0.69,0.01,0.74,0.01
14,0.47,0.00,0.58,0.01,0.65,0.01,0.67,0.01,0.70,0.01
16,0.51,0.01,0.63,0.01,0.69,0.01,0.72,0.01,0.76,0.01
17,0.53,0.01,0.64,0.01,0.69,0.01,0.74,0.01,0.78,0.01
18,0.52,0.01,0.62,0.01,0.70,0.01,0.73,0.01,0.75,0.01
19,0.52,0.01,0.64,0.01,0.70,0.01,0.75,0.01,0.78,0.01
20,0.48,0.01,0.61,0.01,0.69,0.01,0.74,0.01,0.77,0.01
21,0.51,0.01,0.61,0.01,0.68,0.01,0.73,0.01,0.85,0.01
22,0.53,0.01,0.71,0.01,0.69,0.01,0.77,0.01,0.88,0.01
23,0.58,0.01,0.68,0.01,0.75,0.01,0.80,0.01,0.82,0.01
24,0.59,0.00,0.68,0.01,0.74,0.01,0.77,0.01,0.79,0.01
26,0.57,0.01,0.65,0.01,0.74,0.01,0.75,0.01,0.79,0.01
28,0.60,0.01,0.69,0.01,0.75,0.01,0.79,0.01,0.80,0.01
29,0.59,0.01,0.69,0.01,0.74,0.01,0.79,0.01,0.81,0.01
30,0.61,0.00,0.69,0.01,0.74,0.01,0.79,0.01,0.82,0.01
31,0.61,0.01,0.71,0.01,0.76,0.01,0.78,0.01,0.83,0.01
32,0.60,0.01,0.69,0.01,0.75,0.01,0.78,0.01,0.82,0.01
33,0.60,0.01,0.70,0.01,0.74,0.01,0.78,0.01,0.82,0.01
34,0.59,0.00,0.69,0.01,0.74,0.01,0.79,0.01,0.81,0.01
36,0.57,0.00,0.66,0.01,0.77,0.01,0.80,0.01,0.81,0.01
37,0.53,0.01,0.67,0.01,0.73,0.01,0.77,0.01,0.81,0.01
38,0.55,0.01,0.64,0.01,0.72,0.01,0.76,0.01,0.86,0.01
39,0.54,0.01,0.63,0.01,0.71,0.01,0.76,0.01,0.83,0.01
40,0.40,0.00,0.52,0.01,0.59,0.01,0.65,0.01,0.73,0.01
41,0.19,0.00,0.33,0.01,0.43,0.00,0.51,0.01,0.59,0.01
42,0.56,0.01,0.64,0.01,0.72,0.01,0.74,0.01,0.76,0.01
43,0.54,0.01,0.65,0.01,0.71,0.01,0.76,0.01,0.79,0.01
44,0.52,0.01,0.63,0.01,0.71,0.01,0.75,0.01,0.77,0.01
45,0.55,0.00,0.67,0.01,0.73,0.01,0.78,0.01,0.81,0.01
46,0.54,0.01,0.64,0.01,0.72,0.01,0.76,0.01,0.78,0.01
47,0.50,0.00,0.65,0.01,0.71,0.01,0.75,0.01,0.88,0.01
48,0.51,0.00,0.72,0.01,0.70,0.01,0.75,0.01,0.78,0.01
49,0.52,0.01,0.66,0.01,0.76,0.01,0.77,0.01,0.82,0.01
50,0.52,0.01,0.67,0.01,0.71,0.01,0.79,0.01,0.79,0.01
51,0.53,0.01,0.64,0.01,0.72,0.01,0.75,0.01,0.78,0.01
52,0.57,0.01,0.68,0.01,0.74,0.01,0.80,0.01,0.81,0.01
53,0.54,0.01,0.65,0.01,0.72,0.01,0.75,0.01,0.77,0.01
54,0.52,0.01,0.62,0.01,0.70,0.01,0.72,0.01,0.76,0.01
55,0.53,0.01,0.63,0.01,0.72,0.01,0.74,0.01,0.78,0.01
56,0.49,0.01,0.61,0.01,0.68,0.01,0.74,0.01,0.76,0.01
