residue,R1_9.4T,R1_err_9.4T,R1_11.7T,R1_err_11.7T,R1_14.1T,R1_err_14.1T,R1_16.4T,R1_err_16.4T,R1_18.8T,R1_err_18.8T
2,3.05,0.05,2.67,0.04,2.30,0.04,2.18,0.03,1.91,0.03
3,2.98,0.04,2.67,0.03,2.28,0.02,2.05,0.03,1.85,0.03
4,3.04,0.03,2.74,0.02,2.36,0.02,2.10,0.02,1.90,0.05
5,3.08,0.06,2.69,0.02,2.39,0.02,2.15,0.01,1.89,0.03
6,3.08,0.03,2.61,0.02,2.36,0.02,2.01,0.01,1.86,0.03
7,3.02,0.05,2.63,0.01,2.31,0.04,1.96,0.01,1.76,0.03
8,3.00,0.04,2.58,0.01,2.33,0.02,1.96,0.04,1.75,0.03
9,2.95,0.02,2.53,0.01,2.29,0.02,2.09,0.01,1.90,0.01
10,2.82,0.03,2.54,0.01,2.22,0.01,2.04,0.01,1.92,0.01
11,2.73,0.05,2.40,0.01,2.10,0.02,1.96,0.02,1.88,0.00
12,2.29,0.02,2.07,0.01,1.87,0.01,1.73,0.02,1.67,0.00
13,2.80,0.03,2.39,0.01,2.13,0.02,1.86,0.01,1.66,0.02
14,2.56,0.03,2.22,0.02,2.06,0.06,1.83,0.02,1.74,0.02
16,2.93,0.04,2.54,0.03,2.26,0.04,2.03,0.04,1.81,0.01
17,2.92,0.05,2.57,0.02,2.21,0.03,2.09,0.04,1.94,0.06
18,3.00,0.02,2.61,0.03,2.32,0.06,2.06,0.04,1.91,0.02
19,2.77,0.05,2.44,0.05,2.13,0.02,1.97,0.03,1.80,0.02
20,2.80,0.02,2.41,0.01,2.22,0.04,1.83,0.01,1.61,0.02
21,3.03,0.02,2.66,0.01,2.28,0.02,2.11,0.02,1.95,0.01
22,3.00,0.03,2.64,0.02,2.34,0.06,2.16,0.04,2.01,0.01
23,3.11,0.04,2.65,0.03,2.35,0.03,2.05,0.02,1.80,0.05
24,2.93,0.03,2.51,0.02,2.19,0.05,1.94,0.02,1.79,0.02
26,3.03,0.05,2.50,0.01,2.39,0.06,1.79,0.03,1.58,0.02
28,3.08,0.04,2.65,0.04,2.26,0.11,2.03,0.04,1.82,0.02
29,3.18,0.02,2.59,0.03,2.32,0.06,2.01,0.04,1.76,0.02
30,3.20,0.02,2.78,0.04,2.43,0.07,2.21,0.02,2.04,0.04
31,3.24,0.04,2.77,0.04,2.31,0.06,2.13,0.01,1.93,0.05
32,3.13,0.05,2.71,0.04,2.35,0.03,2.07,0.04,1.96,0.05
33,3.19,0.05,2.77,0.01,2.44,0.06,2.16,0.02,1.90,0.04
34,3.18,0.02,2.74,0.05,2.42,0.02,2.09,0.02,1.91,0.03
36,3.13,0.04,2.58,0.02,2.27,0.05,1.99,0.01,1.81,0.01
37,2.95,0.03,2.56,0.03,2.22,0.02,2.03,0.05,1.83,0.03
38,2.98,0.03,2.59,0.01,2.28,0.01,2.10,0.01,1.86,0.01
39,2.91,0.02,2.52,0.01,2.28,0.02,2.02,0.01,1.85,0.02
40,2.60,0.02,2.27,0.00,2.00,0.01,1.83,0.03,1.66,0.01
41,2.18,0.01,1.96,0.01,1.72,0.02,1.59,0.02,1.44,0.01
42,2.90,0.02,2.57,0.03,2.28,0.02,1.96,0.02,1.79,0.02
43,3.10,0.03,2.76,0.02,2.36,0.02,2.33,0.04,2.13,0.02
44,3.00,0.02,2.67,0.01,2.38,0.02,2.12,0.02,1.88,0.02
45,2.87,0.04,2.51,0.05,2.25,0.02,2.05,0.01,1.92,0.02
46,3.00,0.05,2.61,0.02,2.37,0.04,2.09,0.02,1.93,0.04
47,2.89,0.02,2.54,0.01,2.21,0.01,2.04,0.01,1.90,0.01
48,2.79,0.04,2.43,0.03,2.12,0.01,1.96,0.01,1.84,0.01
49,2.89,0.03,2.48,0.01,2.21,0.02,2.00,0.03,1.91,0.03
50,3.06,0.03,2.71,0.01,2.38,0.02,2.25,0.01,2.16,0.02
51,2.96,0.05,2.61,0.03,2.32,0.03,2.03,0.02,1.84,0.03
52,3.17,0.05,2.98,0.02,2.37,0.04,2.59,0.06,2.47,0.10
53,3.06,0.06,2.67,0.04,2.33,0.03,2.20,0.01,2.02,0.05
54,3.16,0.03,2.66,0.02,2.42,0.02,2.17,0.01,2.04,0.03
55,3.01,0.03,2.62,0.05,2.32,0.06,2.05,0.01,1.85,0.02
56,3.00,0.04,2.62,0.01,2.34,0.02,2.15,0.01,2.00,0.03
